요일,웹툰제목,링크
월요일,뷰티풀 군바리,https://comic.naver.com/webtoon/list?titleId=648419&weekday=mon
월요일,퀘스트지상주의,https://comic.naver.com/webtoon/list?titleId=783052&weekday=mon
월요일,장씨세가 호위무사,https://comic.naver.com/webtoon/list?titleId=728750&weekday=mon
월요일,윈드브레이커,https://comic.naver.com/webtoon/list?titleId=602910&weekday=mon
월요일,팔이피플,https://comic.naver.com/webtoon/list?titleId=774863&weekday=mon
월요일,신화급 귀속 아이템을 손에 넣었다,https://comic.naver.com/webtoon/list?titleId=795297&weekday=mon
월요일,소녀의 세계,https://comic.naver.com/webtoon/list?titleId=654774&weekday=mon
월요일,앵무살수,https://comic.naver.com/webtoon/list?titleId=739115&weekday=mon
월요일,버림받은 왕녀의 은밀한 침실,https://comic.naver.com/webtoon/list?titleId=796867&weekday=mon
월요일,똑 닮은 딸,https://comic.naver.com/webtoon/list?titleId=774866&weekday=mon
월요일,호랑신랑뎐,https://comic.naver.com/webtoon/list?titleId=795643&weekday=mon
월요일,퍼니게임,https://comic.naver.com/webtoon/list?titleId=801035&weekday=mon
월요일,잔불의 기사,https://comic.naver.com/webtoon/list?titleId=768536&weekday=mon
월요일,신군,https://comic.naver.com/webtoon/list?titleId=783050&weekday=mon
월요일,북부 공작님을 유혹하겠습니다,https://comic.naver.com/webtoon/list?titleId=794421&weekday=mon
월요일,히어로메이커,https://comic.naver.com/webtoon/list?titleId=21815&weekday=mon
월요일,물어보는 사이,https://comic.naver.com/webtoon/list?titleId=772725&weekday=mon
월요일,꼬리잡기,https://comic.naver.com/webtoon/list?titleId=758666&weekday=mon
월요일,결혼생활 그림일기,https://comic.naver.com/webtoon/list?titleId=741891&weekday=mon
월요일,순정말고 순종,https://comic.naver.com/webtoon/list?titleId=761461&weekday=mon
월요일,원하나,https://comic.naver.com/webtoon/list?titleId=804469&weekday=mon
월요일,루루라라 우리네 인생,https://comic.naver.com/webtoon/list?titleId=802039&weekday=mon
월요일,악당과 악당이 만나면,https://comic.naver.com/webtoon/list?titleId=804782&weekday=mon
월요일,이별 후 사내 결혼,https://comic.naver.com/webtoon/list?titleId=785253&weekday=mon
월요일,더블클릭,https://comic.naver.com/webtoon/list?titleId=769663&weekday=mon
월요일,강남의 기사,https://comic.naver.com/webtoon/list?titleId=802865&weekday=mon
월요일,피폐물의 해피엔딩을 위하여,https://comic.naver.com/webtoon/list?titleId=805437&weekday=mon
월요일,"또다시, 계약 부부",https://comic.naver.com/webtoon/list?titleId=774040&weekday=mon
월요일,황제와의 하룻밤,https://comic.naver.com/webtoon/list?titleId=758671&weekday=mon
월요일,수영만화일기,https://comic.naver.com/webtoon/list?titleId=768534&weekday=mon
월요일,서브 남주가 파업하면 생기는 일,https://comic.naver.com/webtoon/list?titleId=803518&weekday=mon
월요일,파운더,https://comic.naver.com/webtoon/list?titleId=791205&weekday=mon
월요일,사이다걸,https://comic.naver.com/webtoon/list?titleId=800333&weekday=mon
월요일,랭커,https://comic.naver.com/webtoon/list?titleId=801827&weekday=mon
월요일,꿈의 기업,https://comic.naver.com/webtoon/list?titleId=687915&weekday=mon
월요일,사랑의 헌옷수거함,https://comic.naver.com/webtoon/list?titleId=758667&weekday=mon
월요일,인섹터,https://comic.naver.com/webtoon/list?titleId=801710&weekday=mon
월요일,미니어처 생활백서,https://comic.naver.com/webtoon/list?titleId=791616&weekday=mon
월요일,오빠집이 비어서,https://comic.naver.com/webtoon/list?titleId=780414&weekday=mon
월요일,이제야 연애,https://comic.naver.com/webtoon/list?titleId=780881&weekday=mon
월요일,제왕: 빛과 그림자,https://comic.naver.com/webtoon/list?titleId=783535&weekday=mon
월요일,헬크래프트,https://comic.naver.com/webtoon/list?titleId=800034&weekday=mon
월요일,우산 없는 애,https://comic.naver.com/webtoon/list?titleId=796059&weekday=mon
월요일,토마토가 돼라!,https://comic.naver.com/webtoon/list?titleId=805702&weekday=mon
월요일,다시쓰는 연애사,https://comic.naver.com/webtoon/list?titleId=793274&weekday=mon
월요일,불청객,https://comic.naver.com/webtoon/list?titleId=796903&weekday=mon
월요일,하루의 하루,https://comic.naver.com/webtoon/list?titleId=774302&weekday=mon
월요일,라서드,https://comic.naver.com/webtoon/list?titleId=756140&weekday=mon
월요일,주작연애,https://comic.naver.com/webtoon/list?titleId=802854&weekday=mon
월요일,입술이 예쁜 남자,https://comic.naver.com/webtoon/list?titleId=791629&weekday=mon
월요일,아슈타르테,https://comic.naver.com/webtoon/list?titleId=798277&weekday=mon
월요일,영앤리치가 아니야!,https://comic.naver.com/webtoon/list?titleId=734574&weekday=mon
월요일,매지컬 급식:암살법사,https://comic.naver.com/webtoon/list?titleId=791062&weekday=mon
월요일,오늘의 비너스,https://comic.naver.com/webtoon/list?titleId=793944&weekday=mon
월요일,경비실에서 안내방송 드립니다,https://comic.naver.com/webtoon/list?titleId=792780&weekday=mon
월요일,퇴근 후에 만나요,https://comic.naver.com/webtoon/list?titleId=801517&weekday=mon
월요일,너를 돌려차는 방법,https://comic.naver.com/webtoon/list?titleId=802551&weekday=mon
월요일,"집사, 주세요!",https://comic.naver.com/webtoon/list?titleId=802033&weekday=mon
월요일,메리의 불타는 행복회로,https://comic.naver.com/webtoon/list?titleId=797253&weekday=mon
월요일,파견체,https://comic.naver.com/webtoon/list?titleId=791256&weekday=mon
월요일,모스크바의 여명,https://comic.naver.com/webtoon/list?titleId=772243&weekday=mon
월요일,도깨비 부른다,https://comic.naver.com/webtoon/list?titleId=800618&weekday=mon
월요일,백호랑,https://comic.naver.com/webtoon/list?titleId=745654&weekday=mon
월요일,굿바이 유교보이,https://comic.naver.com/webtoon/list?titleId=798293&weekday=mon
월요일,최후의 금빛아이,https://comic.naver.com/webtoon/list?titleId=772734&weekday=mon
월요일,버그이터,https://comic.naver.com/webtoon/list?titleId=793067&weekday=mon
월요일,나만의 고막남친,https://comic.naver.com/webtoon/list?titleId=788170&weekday=mon
월요일,지옥연애환담,https://comic.naver.com/webtoon/list?titleId=794156&weekday=mon
월요일,아마도,https://comic.naver.com/webtoon/list?titleId=791058&weekday=mon
월요일,악녀 18세 공략기,https://comic.naver.com/webtoon/list?titleId=783525&weekday=mon
월요일,루크 비셸 따라잡기,https://comic.naver.com/webtoon/list?titleId=794939&weekday=mon
월요일,중독연구소,https://comic.naver.com/webtoon/list?titleId=740132&weekday=mon
월요일,모노마니아,https://comic.naver.com/webtoon/list?titleId=794942&weekday=mon
월요일,디나운스,https://comic.naver.com/webtoon/list?titleId=789591&weekday=mon
월요일,연애 연기대상,https://comic.naver.com/webtoon/list?titleId=803123&weekday=mon
월요일,세번째 로망스,https://comic.naver.com/webtoon/list?titleId=796368&weekday=mon
월요일,사막에 핀 달,https://comic.naver.com/webtoon/list?titleId=769801&weekday=mon
월요일,행운을 부탁해!,https://comic.naver.com/webtoon/list?titleId=799868&weekday=mon
월요일,오로지 오로라,https://comic.naver.com/webtoon/list?titleId=764623&weekday=mon
월요일,결혼공략,https://comic.naver.com/webtoon/list?titleId=792317&weekday=mon
월요일,별을 쫓는 소년들,https://comic.naver.com/webtoon/list?titleId=786979&weekday=mon
월요일,역주행!,https://comic.naver.com/webtoon/list?titleId=776256&weekday=mon
월요일,슈퍼스타 천대리,https://comic.naver.com/webtoon/list?titleId=785749&weekday=mon
화요일,김부장,https://comic.naver.com/webtoon/list?titleId=783053&weekday=tue
화요일,대학원 탈출일지,https://comic.naver.com/webtoon/list?titleId=790713&weekday=tue
화요일,내가 키운 S급들,https://comic.naver.com/webtoon/list?titleId=784248&weekday=tue
화요일,사신소년,https://comic.naver.com/webtoon/list?titleId=730656&weekday=tue
화요일,마루는 강쥐,https://comic.naver.com/webtoon/list?titleId=796152&weekday=tue
화요일,여신강림,https://comic.naver.com/webtoon/list?titleId=703846&weekday=tue
화요일,한림체육관,https://comic.naver.com/webtoon/list?titleId=743139&weekday=tue
화요일,사변괴담,https://comic.naver.com/webtoon/list?titleId=804783&weekday=tue
화요일,멸망 이후의 세계,https://comic.naver.com/webtoon/list?titleId=789979&weekday=tue
화요일,놓지마 정신줄 시즌3,https://comic.naver.com/webtoon/list?titleId=801589&weekday=tue
화요일,삼국지톡,https://comic.naver.com/webtoon/list?titleId=711422&weekday=tue
화요일,하루만 네가 되고 싶어,https://comic.naver.com/webtoon/list?titleId=738487&weekday=tue
화요일,헬58,https://comic.naver.com/webtoon/list?titleId=719508&weekday=tue
화요일,하북팽가 막내아들,https://comic.naver.com/webtoon/list?titleId=783877&weekday=tue
화요일,궤짝,https://comic.naver.com/webtoon/list?titleId=802389&weekday=tue
화요일,천마는 평범하게 살 수 없다,https://comic.naver.com/webtoon/list?titleId=774358&weekday=tue
화요일,용사가 돌아왔다,https://comic.naver.com/webtoon/list?titleId=773459&weekday=tue
화요일,집이 없어,https://comic.naver.com/webtoon/list?titleId=721433&weekday=tue
화요일,악몽의 형상,https://comic.naver.com/webtoon/list?titleId=793283&weekday=tue
화요일,유사연애,https://comic.naver.com/webtoon/list?titleId=804653&weekday=tue
화요일,랜덤채팅의 그녀!,https://comic.naver.com/webtoon/list?titleId=702608&weekday=tue
화요일,위아더좀비,https://comic.naver.com/webtoon/list?titleId=766648&weekday=tue
화요일,초인의 게임,https://comic.naver.com/webtoon/list?titleId=795658&weekday=tue
화요일,호랑이 들어와요,https://comic.naver.com/webtoon/list?titleId=757904&weekday=tue
화요일,시한부인 줄 알았어요!,https://comic.naver.com/webtoon/list?titleId=801711&weekday=tue
화요일,원주민 공포만화,https://comic.naver.com/webtoon/list?titleId=698918&weekday=tue
화요일,시체기사 군터,https://comic.naver.com/webtoon/list?titleId=798326&weekday=tue
화요일,윌유메리미,https://comic.naver.com/webtoon/list?titleId=616239&weekday=tue
화요일,저 그런 인재 아닙니다,https://comic.naver.com/webtoon/list?titleId=802840&weekday=tue
화요일,그냥 선생님,https://comic.naver.com/webtoon/list?titleId=804333&weekday=tue
화요일,덴큐,https://comic.naver.com/webtoon/list?titleId=778963&weekday=tue
화요일,우리 집 고양이 보고 갈래?,https://comic.naver.com/webtoon/list?titleId=805743&weekday=tue
화요일,늑대처럼 홀로,https://comic.naver.com/webtoon/list?titleId=789478&weekday=tue
화요일,애옹식당,https://comic.naver.com/webtoon/list?titleId=785703&weekday=tue
화요일,용왕님의 셰프가 되었습니다,https://comic.naver.com/webtoon/list?titleId=741449&weekday=tue
화요일,나타나주세요!,https://comic.naver.com/webtoon/list?titleId=770068&weekday=tue
화요일,팀장님은 신혼이 피곤하다,https://comic.naver.com/webtoon/list?titleId=804868&weekday=tue
화요일,짐승의 꽃,https://comic.naver.com/webtoon/list?titleId=805334&weekday=tue
화요일,헥토파스칼,https://comic.naver.com/webtoon/list?titleId=799250&weekday=tue
화요일,태시트,https://comic.naver.com/webtoon/list?titleId=766966&weekday=tue
화요일,연우의 순정,https://comic.naver.com/webtoon/list?titleId=752532&weekday=tue
화요일,돌격! 용마치킨,https://comic.naver.com/webtoon/list?titleId=805974&weekday=tue
화요일,웅크,https://comic.naver.com/webtoon/list?titleId=800506&weekday=tue
화요일,공작저의 붉은 밤,https://comic.naver.com/webtoon/list?titleId=805671&weekday=tue
화요일,왕게임,https://comic.naver.com/webtoon/list?titleId=798101&weekday=tue
화요일,에이머,https://comic.naver.com/webtoon/list?titleId=400739&weekday=tue
화요일,은주의 방 2~3부,https://comic.naver.com/webtoon/list?titleId=654138&weekday=tue
화요일,빅맨,https://comic.naver.com/webtoon/list?titleId=753839&weekday=tue
화요일,아이즈,https://comic.naver.com/webtoon/list?titleId=767908&weekday=tue
화요일,로잘린 보가트,https://comic.naver.com/webtoon/list?titleId=797582&weekday=tue
화요일,빌런투킬,https://comic.naver.com/webtoon/list?titleId=765156&weekday=tue
화요일,"대공님, 실수였어요!",https://comic.naver.com/webtoon/list?titleId=784518&weekday=tue
화요일,로맨스가 가능해?,https://comic.naver.com/webtoon/list?titleId=803010&weekday=tue
화요일,내남친 킹카만들기,https://comic.naver.com/webtoon/list?titleId=791126&weekday=tue
화요일,사표내고 이계에서 힐링합니다,https://comic.naver.com/webtoon/list?titleId=800726&weekday=tue
화요일,한입만!,https://comic.naver.com/webtoon/list?titleId=789029&weekday=tue
화요일,제로게임,https://comic.naver.com/webtoon/list?titleId=676695&weekday=tue
화요일,열녀박씨 계약결혼뎐,https://comic.naver.com/webtoon/list?titleId=761601&weekday=tue
화요일,대신 심부름을 해다오,https://comic.naver.com/webtoon/list?titleId=769551&weekday=tue
화요일,주인님을 잡아먹는 방법,https://comic.naver.com/webtoon/list?titleId=794105&weekday=tue
화요일,사공은주,https://comic.naver.com/webtoon/list?titleId=794965&weekday=tue
화요일,여우자매,https://comic.naver.com/webtoon/list?titleId=797413&weekday=tue
화요일,필리아로제 - 가시왕관의 예언,https://comic.naver.com/webtoon/list?titleId=773793&weekday=tue
화요일,짝사랑의 마침표,https://comic.naver.com/webtoon/list?titleId=789682&weekday=tue
화요일,쿠쿠쿠쿠,https://comic.naver.com/webtoon/list?titleId=798100&weekday=tue
화요일,풋내기들,https://comic.naver.com/webtoon/list?titleId=764622&weekday=tue
화요일,1331,https://comic.naver.com/webtoon/list?titleId=796618&weekday=tue
화요일,"이 결혼, 새로고침",https://comic.naver.com/webtoon/list?titleId=797259&weekday=tue
화요일,DARK MOON: 회색 도시,https://comic.naver.com/webtoon/list?titleId=802872&weekday=tue
화요일,햄버거가 제일 좋아,https://comic.naver.com/webtoon/list?titleId=801820&weekday=tue
화요일,마침내 사랑이에요 마왕님!,https://comic.naver.com/webtoon/list?titleId=797760&weekday=tue
화요일,원수가 나를 유혹할 때,https://comic.naver.com/webtoon/list?titleId=797943&weekday=tue
화요일,달이 사라진 밤,https://comic.naver.com/webtoon/list?titleId=795649&weekday=tue
화요일,급식러너,https://comic.naver.com/webtoon/list?titleId=770030&weekday=tue
화요일,찐:종합게임동아리,https://comic.naver.com/webtoon/list?titleId=771018&weekday=tue
화요일,AI 유하,https://comic.naver.com/webtoon/list?titleId=800400&weekday=tue
화요일,"너의 순정, 나의 순정",https://comic.naver.com/webtoon/list?titleId=797258&weekday=tue
화요일,그 남주와 이별하는 방법,https://comic.naver.com/webtoon/list?titleId=783518&weekday=tue
화요일,마녀이야기,https://comic.naver.com/webtoon/list?titleId=794671&weekday=tue
수요일,내 남편과 결혼해줘,https://comic.naver.com/webtoon/list?titleId=783769&weekday=wed
수요일,전지적 독자 시점,https://comic.naver.com/webtoon/list?titleId=747269&weekday=wed
수요일,헬퍼 2 : 킬베로스,https://comic.naver.com/webtoon/list?titleId=670143&weekday=wed
수요일,66666년 만에 환생한 흑마법사,https://comic.naver.com/webtoon/list?titleId=775141&weekday=wed
수요일,일렉시드,https://comic.naver.com/webtoon/list?titleId=717481&weekday=wed
수요일,백XX,https://comic.naver.com/webtoon/list?titleId=804862&weekday=wed
수요일,격기3반,https://comic.naver.com/webtoon/list?titleId=701535&weekday=wed
수요일,무림서부,https://comic.naver.com/webtoon/list?titleId=784417&weekday=wed
수요일,나쁜사람,https://comic.naver.com/webtoon/list?titleId=750184&weekday=wed
수요일,튜토리얼 탑의 고인물,https://comic.naver.com/webtoon/list?titleId=738694&weekday=wed
수요일,마른 가지에 바람처럼,https://comic.naver.com/webtoon/list?titleId=748535&weekday=wed
수요일,내가 죽기로 결심한 것은,https://comic.naver.com/webtoon/list?titleId=783523&weekday=wed
수요일,급식아빠,https://comic.naver.com/webtoon/list?titleId=758662&weekday=wed
수요일,연놈,https://comic.naver.com/webtoon/list?titleId=667573&weekday=wed
수요일,헤어지면 죽음,https://comic.naver.com/webtoon/list?titleId=783861&weekday=wed
수요일,칼에 취한 밤을 걷다,https://comic.naver.com/webtoon/list?titleId=795542&weekday=wed
수요일,빌드업,https://comic.naver.com/webtoon/list?titleId=750826&weekday=wed
수요일,운명을 보는 회사원,https://comic.naver.com/webtoon/list?titleId=797443&weekday=wed
수요일,황후를 훔친 이는 누구인가,https://comic.naver.com/webtoon/list?titleId=805737&weekday=wed
수요일,행성인간2: 행성의,https://comic.naver.com/webtoon/list?titleId=802940&weekday=wed
수요일,사상최강,https://comic.naver.com/webtoon/list?titleId=748536&weekday=wed
수요일,고삼무쌍,https://comic.naver.com/webtoon/list?titleId=728126&weekday=wed
수요일,베스트 프렌드,https://comic.naver.com/webtoon/list?titleId=789434&weekday=wed
수요일,"안녕, 나의 수집",https://comic.naver.com/webtoon/list?titleId=799267&weekday=wed
수요일,세상은 돈과 권력,https://comic.naver.com/webtoon/list?titleId=710747&weekday=wed
수요일,에브리띵 이즈 파인,https://comic.naver.com/webtoon/list?titleId=804145&weekday=wed
수요일,굿헌팅,https://comic.naver.com/webtoon/list?titleId=804989&weekday=wed
수요일,판타지 여동생!,https://comic.naver.com/webtoon/list?titleId=730425&weekday=wed
수요일,하렘의 남자들,https://comic.naver.com/webtoon/list?titleId=760001&weekday=wed
수요일,이십팔세기 광팬,https://comic.naver.com/webtoon/list?titleId=800312&weekday=wed
수요일,칼부림,https://comic.naver.com/webtoon/list?titleId=602916&weekday=wed
수요일,히어로 더 맥시멈,https://comic.naver.com/webtoon/list?titleId=805323&weekday=wed
수요일,언덕 위의 제임스,https://comic.naver.com/webtoon/list?titleId=671421&weekday=wed
수요일,물고기로 살아남기,https://comic.naver.com/webtoon/list?titleId=793887&weekday=wed
수요일,넷시의 비밀,https://comic.naver.com/webtoon/list?titleId=804871&weekday=wed
수요일,가짜 동맹,https://comic.naver.com/webtoon/list?titleId=788167&weekday=wed
수요일,인과관계,https://comic.naver.com/webtoon/list?titleId=789652&weekday=wed
수요일,마녀와 용의 신혼일기,https://comic.naver.com/webtoon/list?titleId=755668&weekday=wed
수요일,용한소녀,https://comic.naver.com/webtoon/list?titleId=803891&weekday=wed
수요일,고교흥신소,https://comic.naver.com/webtoon/list?titleId=801950&weekday=wed
수요일,반귀,https://comic.naver.com/webtoon/list?titleId=760002&weekday=wed
수요일,수요웹툰의 나강림,https://comic.naver.com/webtoon/list?titleId=771718&weekday=wed
수요일,겨울 정원의 하와르,https://comic.naver.com/webtoon/list?titleId=802835&weekday=wed
수요일,괴물공작의 딸,https://comic.naver.com/webtoon/list?titleId=765158&weekday=wed
수요일,미래의 골동품 가게,https://comic.naver.com/webtoon/list?titleId=742105&weekday=wed
수요일,사내고충처리반,https://comic.naver.com/webtoon/list?titleId=801593&weekday=wed
수요일,메모리얼,https://comic.naver.com/webtoon/list?titleId=791140&weekday=wed
수요일,로어 올림푸스,https://comic.naver.com/webtoon/list?titleId=750558&weekday=wed
수요일,케찰코아틀 - 헤수스,https://comic.naver.com/webtoon/list?titleId=805745&weekday=wed
수요일,두 번 사는 프로듀서,https://comic.naver.com/webtoon/list?titleId=780253&weekday=wed
수요일,옆집남자 친구,https://comic.naver.com/webtoon/list?titleId=797115&weekday=wed
수요일,영웅&마왕&악당,https://comic.naver.com/webtoon/list?titleId=796466&weekday=wed
수요일,주부 육성중,https://comic.naver.com/webtoon/list?titleId=793388&weekday=wed
수요일,좀간,https://comic.naver.com/webtoon/list?titleId=796062&weekday=wed
수요일,홀리데이,https://comic.naver.com/webtoon/list?titleId=797105&weekday=wed
수요일,밀행,https://comic.naver.com/webtoon/list?titleId=792654&weekday=wed
수요일,그림자의 밤,https://comic.naver.com/webtoon/list?titleId=783596&weekday=wed
수요일,누가 나를 죽였을까,https://comic.naver.com/webtoon/list?titleId=805730&weekday=wed
수요일,범이올시다!,https://comic.naver.com/webtoon/list?titleId=745589&weekday=wed
수요일,하얀 사자의 비밀 신부,https://comic.naver.com/webtoon/list?titleId=800390&weekday=wed
수요일,내겐 너무 소란한 결혼,https://comic.naver.com/webtoon/list?titleId=799467&weekday=wed
수요일,선배는 나빠요!,https://comic.naver.com/webtoon/list?titleId=795330&weekday=wed
수요일,안미운 우리들,https://comic.naver.com/webtoon/list?titleId=783532&weekday=wed
수요일,이런 미친 엔딩,https://comic.naver.com/webtoon/list?titleId=802913&weekday=wed
수요일,이별학,https://comic.naver.com/webtoon/list?titleId=783971&weekday=wed
수요일,그 남자의 은밀한 하루,https://comic.naver.com/webtoon/list?titleId=800504&weekday=wed
수요일,재생존경쟁,https://comic.naver.com/webtoon/list?titleId=793696&weekday=wed
수요일,어느 백작 영애의 이중생활,https://comic.naver.com/webtoon/list?titleId=799016&weekday=wed
수요일,멸종위기종인간,https://comic.naver.com/webtoon/list?titleId=791892&weekday=wed
수요일,연애고수,https://comic.naver.com/webtoon/list?titleId=801809&weekday=wed
수요일,반짝반짝 작은 눈,https://comic.naver.com/webtoon/list?titleId=772729&weekday=wed
수요일,낙원의 이론,https://comic.naver.com/webtoon/list?titleId=791632&weekday=wed
수요일,나의 계절,https://comic.naver.com/webtoon/list?titleId=774039&weekday=wed
수요일,프로듀스 온리원,https://comic.naver.com/webtoon/list?titleId=794417&weekday=wed
수요일,이 짝사랑은 억울하다!,https://comic.naver.com/webtoon/list?titleId=795537&weekday=wed
수요일,"오직, 밝은 미래",https://comic.naver.com/webtoon/list?titleId=780137&weekday=wed
수요일,필생기,https://comic.naver.com/webtoon/list?titleId=783595&weekday=wed
수요일,산의 시간,https://comic.naver.com/webtoon/list?titleId=792372&weekday=wed
수요일,우리 은하,https://comic.naver.com/webtoon/list?titleId=793113&weekday=wed
목요일,앞집나리,https://comic.naver.com/webtoon/list?titleId=802293&weekday=thu
목요일,재벌집 막내아들,https://comic.naver.com/webtoon/list?titleId=800770&weekday=thu
목요일,연애혁명,https://comic.naver.com/webtoon/list?titleId=570503&weekday=thu
목요일,나노마신,https://comic.naver.com/webtoon/list?titleId=747271&weekday=thu
목요일,남편을 죽여줘요,https://comic.naver.com/webtoon/list?titleId=797410&weekday=thu
목요일,천마육성,https://comic.naver.com/webtoon/list?titleId=776255&weekday=thu
목요일,현실퀘스트,https://comic.naver.com/webtoon/list?titleId=783888&weekday=thu
목요일,나 혼자 네크로맨서,https://comic.naver.com/webtoon/list?titleId=780170&weekday=thu
목요일,무사만리행,https://comic.naver.com/webtoon/list?titleId=746857&weekday=thu
목요일,회귀한 천재 헌터의 슬기로운 청소생활,https://comic.naver.com/webtoon/list?titleId=796827&weekday=thu
목요일,호랑신랑뎐,https://comic.naver.com/webtoon/list?titleId=795643&weekday=thu
목요일,보스였음,https://comic.naver.com/webtoon/list?titleId=802833&weekday=thu
목요일,노답소녀,https://comic.naver.com/webtoon/list?titleId=756137&weekday=thu
목요일,별을 삼킨 너에게,https://comic.naver.com/webtoon/list?titleId=748831&weekday=thu
목요일,뮤즈 온 유명,https://comic.naver.com/webtoon/list?titleId=801505&weekday=thu
목요일,순정빌런,https://comic.naver.com/webtoon/list?titleId=797731&weekday=thu
목요일,버려진 나의 최애를 위하여,https://comic.naver.com/webtoon/list?titleId=794155&weekday=thu
목요일,쿠베라,https://comic.naver.com/webtoon/list?titleId=131385&weekday=thu
목요일,국세청 망나니,https://comic.naver.com/webtoon/list?titleId=785727&weekday=thu
목요일,특수청소,https://comic.naver.com/webtoon/list?titleId=788976&weekday=thu
목요일,규격 외 혈통 천재,https://comic.naver.com/webtoon/list?titleId=798331&weekday=thu
목요일,최강전설 강해효,https://comic.naver.com/webtoon/list?titleId=570506&weekday=thu
목요일,꽃만 키우는데 너무강함,https://comic.naver.com/webtoon/list?titleId=741825&weekday=thu
목요일,"이러면 안 돼요, 전하!",https://comic.naver.com/webtoon/list?titleId=805368&weekday=thu
목요일,던전 씹어먹는 아티팩트,https://comic.naver.com/webtoon/list?titleId=758439&weekday=thu
목요일,루루라라 우리네 인생,https://comic.naver.com/webtoon/list?titleId=802039&weekday=thu
목요일,이게 웬 떡,https://comic.naver.com/webtoon/list?titleId=804051&weekday=thu
목요일,만능잡캐,https://comic.naver.com/webtoon/list?titleId=783117&weekday=thu
목요일,누나! 나 무서워,https://comic.naver.com/webtoon/list?titleId=797468&weekday=thu
목요일,흑막 여주가 날 새엄마로 만들려고 해,https://comic.naver.com/webtoon/list?titleId=770523&weekday=thu
목요일,완벽한 결혼의 정석,https://comic.naver.com/webtoon/list?titleId=775631&weekday=thu
목요일,마왕까지 한 걸음,https://comic.naver.com/webtoon/list?titleId=776668&weekday=thu
목요일,네가 죽기를 바랄 때가 있었다,https://comic.naver.com/webtoon/list?titleId=776542&weekday=thu
목요일,비서 일탈,https://comic.naver.com/webtoon/list?titleId=801515&weekday=thu
목요일,순수한 동거생활,https://comic.naver.com/webtoon/list?titleId=797937&weekday=thu
목요일,수영만화일기,https://comic.naver.com/webtoon/list?titleId=768534&weekday=thu
목요일,진짜 진짜 이혼해,https://comic.naver.com/webtoon/list?titleId=790409&weekday=thu
목요일,트롤트랩,https://comic.naver.com/webtoon/list?titleId=701700&weekday=thu
목요일,게임 최강 트롤러,https://comic.naver.com/webtoon/list?titleId=801698&weekday=thu
목요일,아인슈페너,https://comic.naver.com/webtoon/list?titleId=792280&weekday=thu
목요일,선남친 후연애,https://comic.naver.com/webtoon/list?titleId=780191&weekday=thu
목요일,개와 사람의 시간,https://comic.naver.com/webtoon/list?titleId=794980&weekday=thu
목요일,킬더킹,https://comic.naver.com/webtoon/list?titleId=670145&weekday=thu
목요일,간 떨어지는 출근,https://comic.naver.com/webtoon/list?titleId=804370&weekday=thu
목요일,위대한 겸상,https://comic.naver.com/webtoon/list?titleId=796242&weekday=thu
목요일,코인 리벤지,https://comic.naver.com/webtoon/list?titleId=801998&weekday=thu
목요일,천재의 게임방송,https://comic.naver.com/webtoon/list?titleId=797417&weekday=thu
목요일,1학년 9반,https://comic.naver.com/webtoon/list?titleId=793279&weekday=thu
목요일,해시의 신루,https://comic.naver.com/webtoon/list?titleId=783536&weekday=thu
목요일,마녀의 심판은 꽃이 된다,https://comic.naver.com/webtoon/list?titleId=783862&weekday=thu
목요일,두 번째 딸로 태어났습니다,https://comic.naver.com/webtoon/list?titleId=794651&weekday=thu
목요일,베니루 BAENIRU,https://comic.naver.com/webtoon/list?titleId=796302&weekday=thu
목요일,THE 런웨이,https://comic.naver.com/webtoon/list?titleId=771912&weekday=thu
목요일,독거미,https://comic.naver.com/webtoon/list?titleId=802272&weekday=thu
목요일,달의 요람,https://comic.naver.com/webtoon/list?titleId=762035&weekday=thu
목요일,나의 불편한 상사,https://comic.naver.com/webtoon/list?titleId=799165&weekday=thu
목요일,"오, 친애하는 숙적",https://comic.naver.com/webtoon/list?titleId=790840&weekday=thu
목요일,방과후 레시피,https://comic.naver.com/webtoon/list?titleId=793130&weekday=thu
목요일,아빠같은 남자,https://comic.naver.com/webtoon/list?titleId=774451&weekday=thu
목요일,사기 친 공작님을 유혹해버렸다,https://comic.naver.com/webtoon/list?titleId=802849&weekday=thu
목요일,로맨틱 태평수산,https://comic.naver.com/webtoon/list?titleId=792125&weekday=thu
목요일,"황궁에 핀 꽃은, 미쳤다",https://comic.naver.com/webtoon/list?titleId=796324&weekday=thu
목요일,부캐인생,https://comic.naver.com/webtoon/list?titleId=791258&weekday=thu
목요일,케찰코아틀 - 다빗,https://comic.naver.com/webtoon/list?titleId=805746&weekday=thu
목요일,"엔딩, 바꿔보려합니다",https://comic.naver.com/webtoon/list?titleId=802378&weekday=thu
목요일,온새미로,https://comic.naver.com/webtoon/list?titleId=745472&weekday=thu
목요일,35cm,https://comic.naver.com/webtoon/list?titleId=703847&weekday=thu
목요일,"소녀의 디딤돌 : 희망, 함께 날다",https://comic.naver.com/webtoon/list?titleId=805931&weekday=thu
목요일,황제사냥,https://comic.naver.com/webtoon/list?titleId=800304&weekday=thu
목요일,환상연가,https://comic.naver.com/webtoon/list?titleId=784506&weekday=thu
목요일,배트맨: 웨인 패밀리 어드벤처,https://comic.naver.com/webtoon/list?titleId=784989&weekday=thu
목요일,베어케어,https://comic.naver.com/webtoon/list?titleId=792379&weekday=thu
목요일,그 황제가 시곗바늘을 되돌린 사연,https://comic.naver.com/webtoon/list?titleId=765322&weekday=thu
목요일,돌아온 여기사,https://comic.naver.com/webtoon/list?titleId=772691&weekday=thu
목요일,시에라,https://comic.naver.com/webtoon/list?titleId=778707&weekday=thu
목요일,카루나,https://comic.naver.com/webtoon/list?titleId=754876&weekday=thu
목요일,온실 속 화초,https://comic.naver.com/webtoon/list?titleId=769662&weekday=thu
목요일,자취방 신선들,https://comic.naver.com/webtoon/list?titleId=758587&weekday=thu
목요일,따개비,https://comic.naver.com/webtoon/list?titleId=792277&weekday=thu
목요일,널 사랑하는 죽은 형,https://comic.naver.com/webtoon/list?titleId=796247&weekday=thu
목요일,보물과 괴물의 도시,https://comic.naver.com/webtoon/list?titleId=751993&weekday=thu
목요일,유월의 소한,https://comic.naver.com/webtoon/list?titleId=796492&weekday=thu
목요일,사랑하는 여배우들,https://comic.naver.com/webtoon/list?titleId=794644&weekday=thu
목요일,권리행사자,https://comic.naver.com/webtoon/list?titleId=795929&weekday=thu
금요일,외모지상주의,https://comic.naver.com/webtoon/list?titleId=641253&weekday=fri
금요일,대학원 탈출일지,https://comic.naver.com/webtoon/list?titleId=790713&weekday=fri
금요일,나 혼자 만렙 뉴비,https://comic.naver.com/webtoon/list?titleId=773797&weekday=fri
금요일,어쩌다보니 천생연분,https://comic.naver.com/webtoon/list?titleId=790245&weekday=fri
금요일,역대급 영지 설계사,https://comic.naver.com/webtoon/list?titleId=777767&weekday=fri
금요일,데드퀸,https://comic.naver.com/webtoon/list?titleId=753478&weekday=fri
금요일,개를 낳았다,https://comic.naver.com/webtoon/list?titleId=712362&weekday=fri
금요일,1초,https://comic.naver.com/webtoon/list?titleId=725586&weekday=fri
금요일,삼국지톡,https://comic.naver.com/webtoon/list?titleId=711422&weekday=fri
금요일,상남자,https://comic.naver.com/webtoon/list?titleId=751168&weekday=fri
금요일,낙향문사전,https://comic.naver.com/webtoon/list?titleId=746534&weekday=fri
금요일,연애의 기록,https://comic.naver.com/webtoon/list?titleId=803792&weekday=fri
금요일,천하제일 대사형,https://comic.naver.com/webtoon/list?titleId=802278&weekday=fri
금요일,"언니, 이번 생엔 내가 왕비야",https://comic.naver.com/webtoon/list?titleId=798917&weekday=fri
금요일,히어로 킬러,https://comic.naver.com/webtoon/list?titleId=766563&weekday=fri
금요일,사신,https://comic.naver.com/webtoon/list?titleId=799837&weekday=fri
금요일,서울역 드루이드,https://comic.naver.com/webtoon/list?titleId=773476&weekday=fri
금요일,커플브레이커,https://comic.naver.com/webtoon/list?titleId=804832&weekday=fri
금요일,세기말 풋사과 보습학원,https://comic.naver.com/webtoon/list?titleId=761722&weekday=fri
금요일,약탈 신부,https://comic.naver.com/webtoon/list?titleId=804329&weekday=fri
금요일,그렇고 그런 바람에,https://comic.naver.com/webtoon/list?titleId=783527&weekday=fri
금요일,A.I. 닥터,https://comic.naver.com/webtoon/list?titleId=765804&weekday=fri
금요일,전남편의 미친개를 길들였다,https://comic.naver.com/webtoon/list?titleId=804160&weekday=fri
금요일,더 게이머,https://comic.naver.com/webtoon/list?titleId=552960&weekday=fri
금요일,그냥 선생님,https://comic.naver.com/webtoon/list?titleId=804333&weekday=fri
금요일,뫼신 사냥꾼,https://comic.naver.com/webtoon/list?titleId=751208&weekday=fri
금요일,신컨의 원 코인 클리어,https://comic.naver.com/webtoon/list?titleId=805658&weekday=fri
금요일,언다잉,https://comic.naver.com/webtoon/list?titleId=801555&weekday=fri
금요일,브레이커 : 이터널 포스,https://comic.naver.com/webtoon/list?titleId=794383&weekday=fri
금요일,바스티안,https://comic.naver.com/webtoon/list?titleId=805203&weekday=fri
금요일,대위님! 이번 전쟁터는 이곳인가요?,https://comic.naver.com/webtoon/list?titleId=803767&weekday=fri
금요일,플레이어,https://comic.naver.com/webtoon/list?titleId=745876&weekday=fri
금요일,쌈빡,https://comic.naver.com/webtoon/list?titleId=777515&weekday=fri
금요일,선을 넘은 연애,https://comic.naver.com/webtoon/list?titleId=796980&weekday=fri
금요일,폭군님은 착하게 살고 싶어,https://comic.naver.com/webtoon/list?titleId=801736&weekday=fri
금요일,푸쉬오프,https://comic.naver.com/webtoon/list?titleId=784507&weekday=fri
금요일,소름일기,https://comic.naver.com/webtoon/list?titleId=800585&weekday=fri
금요일,웅크,https://comic.naver.com/webtoon/list?titleId=800506&weekday=fri
금요일,킬 더 드래곤,https://comic.naver.com/webtoon/list?titleId=794102&weekday=fri
금요일,죽음으로 구원하사,https://comic.naver.com/webtoon/list?titleId=804318&weekday=fri
금요일,연기는 처음인데요?!,https://comic.naver.com/webtoon/list?titleId=805893&weekday=fri
금요일,여자를 사귀고 싶다,https://comic.naver.com/webtoon/list?titleId=800291&weekday=fri
금요일,후덜덜덜 남극전자,https://comic.naver.com/webtoon/list?titleId=732036&weekday=fri
금요일,몽홀,https://comic.naver.com/webtoon/list?titleId=644112&weekday=fri
금요일,미친 후작을 길들이고 말았다,https://comic.naver.com/webtoon/list?titleId=778325&weekday=fri
금요일,지옥 키우기,https://comic.naver.com/webtoon/list?titleId=800331&weekday=fri
금요일,로또 황녀님,https://comic.naver.com/webtoon/list?titleId=794742&weekday=fri
금요일,온리호프,https://comic.naver.com/webtoon/list?titleId=800796&weekday=fri
금요일,절대복종,https://comic.naver.com/webtoon/list?titleId=799524&weekday=fri
금요일,문제적 왕자님,https://comic.naver.com/webtoon/list?titleId=800046&weekday=fri
금요일,스포,https://comic.naver.com/webtoon/list?titleId=756139&weekday=fri
금요일,"푸른 밤, 황홀의 윤무",https://comic.naver.com/webtoon/list?titleId=803119&weekday=fri
금요일,드래곤의 심장을 가지고 있습니다,https://comic.naver.com/webtoon/list?titleId=795540&weekday=fri
금요일,솔트앤페퍼,https://comic.naver.com/webtoon/list?titleId=792139&weekday=fri
금요일,멜빈이 그들에게 남긴 것,https://comic.naver.com/webtoon/list?titleId=797442&weekday=fri
금요일,이게 아닌데,https://comic.naver.com/webtoon/list?titleId=783863&weekday=fri
금요일,아찔한 전남편,https://comic.naver.com/webtoon/list?titleId=769747&weekday=fri
금요일,백년게임,https://comic.naver.com/webtoon/list?titleId=751999&weekday=fri
금요일,달이 없는 나라,https://comic.naver.com/webtoon/list?titleId=780063&weekday=fri
금요일,태권보이,https://comic.naver.com/webtoon/list?titleId=771330&weekday=fri
금요일,쿠쿠쿠쿠,https://comic.naver.com/webtoon/list?titleId=798100&weekday=fri
금요일,악마라고 불러다오,https://comic.naver.com/webtoon/list?titleId=793853&weekday=fri
금요일,메소드 연기법,https://comic.naver.com/webtoon/list?titleId=799838&weekday=fri
금요일,스토커의 하루,https://comic.naver.com/webtoon/list?titleId=794743&weekday=fri
금요일,성스러운 그대 이르시길,https://comic.naver.com/webtoon/list?titleId=801038&weekday=fri
금요일,비밀친구,https://comic.naver.com/webtoon/list?titleId=797221&weekday=fri
금요일,지니오패스,https://comic.naver.com/webtoon/list?titleId=799148&weekday=fri
금요일,인피니티,https://comic.naver.com/webtoon/list?titleId=775140&weekday=fri
금요일,뜨거운 홍차,https://comic.naver.com/webtoon/list?titleId=801992&weekday=fri
금요일,애증화음,https://comic.naver.com/webtoon/list?titleId=803371&weekday=fri
금요일,하나는 적고 둘은 너무 많아,https://comic.naver.com/webtoon/list?titleId=801773&weekday=fri
금요일,우리 무슨 사이야?,https://comic.naver.com/webtoon/list?titleId=802906&weekday=fri
금요일,미드우트,https://comic.naver.com/webtoon/list?titleId=800006&weekday=fri
금요일,크림슨 하트,https://comic.naver.com/webtoon/list?titleId=802733&weekday=fri
금요일,"행운을 빌어요, 용사님!",https://comic.naver.com/webtoon/list?titleId=775334&weekday=fri
금요일,신의 최애캐,https://comic.naver.com/webtoon/list?titleId=802578&weekday=fri
금요일,합법해적 파르페,https://comic.naver.com/webtoon/list?titleId=729036&weekday=fri
금요일,별빛 커튼콜,https://comic.naver.com/webtoon/list?titleId=793410&weekday=fri
금요일,천상의 주인,https://comic.naver.com/webtoon/list?titleId=798622&weekday=fri
금요일,여름의 너에게,https://comic.naver.com/webtoon/list?titleId=799220&weekday=fri
금요일,서울시 천사주의,https://comic.naver.com/webtoon/list?titleId=799478&weekday=fri
금요일,너의 키스씬,https://comic.naver.com/webtoon/list?titleId=794423&weekday=fri
금요일,세라는 망돌,https://comic.naver.com/webtoon/list?titleId=802359&weekday=fri
금요일,짝사랑 마들렌,https://comic.naver.com/webtoon/list?titleId=785855&weekday=fri
금요일,기억해줘,https://comic.naver.com/webtoon/list?titleId=801699&weekday=fri
금요일,너에게 입덕중,https://comic.naver.com/webtoon/list?titleId=799226&weekday=fri
금요일,스치면 인연 스며들면 사랑,https://comic.naver.com/webtoon/list?titleId=791847&weekday=fri
토요일,99강화나무몽둥이,https://comic.naver.com/webtoon/list?titleId=792651&weekday=sat
토요일,호랑이형님,https://comic.naver.com/webtoon/list?titleId=650305&weekday=sat
토요일,취사병 전설이 되다,https://comic.naver.com/webtoon/list?titleId=727188&weekday=sat
토요일,프리드로우,https://comic.naver.com/webtoon/list?titleId=597447&weekday=sat
토요일,놓지마 정신줄 시즌3,https://comic.naver.com/webtoon/list?titleId=801589&weekday=sat
토요일,은탄,https://comic.naver.com/webtoon/list?titleId=787500&weekday=sat
토요일,악몽의 형상,https://comic.naver.com/webtoon/list?titleId=793283&weekday=sat
토요일,스터디그룹,https://comic.naver.com/webtoon/list?titleId=721948&weekday=sat
토요일,아홉수 우리들,https://comic.naver.com/webtoon/list?titleId=724815&weekday=sat
토요일,세레나,https://comic.naver.com/webtoon/list?titleId=801475&weekday=sat
토요일,"나태 공자, 노력 천재 되다",https://comic.naver.com/webtoon/list?titleId=772853&weekday=sat
토요일,나랑X할래?,https://comic.naver.com/webtoon/list?titleId=803934&weekday=sat
토요일,작전명 순정,https://comic.naver.com/webtoon/list?titleId=793275&weekday=sat
토요일,이종 격투기,https://comic.naver.com/webtoon/list?titleId=805356&weekday=sat
토요일,나이트런,https://comic.naver.com/webtoon/list?titleId=64997&weekday=sat
토요일,윌유메리미,https://comic.naver.com/webtoon/list?titleId=616239&weekday=sat
토요일,청춘 블라썸,https://comic.naver.com/webtoon/list?titleId=746834&weekday=sat
토요일,디펜스 게임의 폭군이 되었다,https://comic.naver.com/webtoon/list?titleId=798182&weekday=sat
토요일,반드시 해피엔딩,https://comic.naver.com/webtoon/list?titleId=769568&weekday=sat
토요일,민간인 통제구역 - 일급기밀,https://comic.naver.com/webtoon/list?titleId=801324&weekday=sat
토요일,물위의 우리,https://comic.naver.com/webtoon/list?titleId=780404&weekday=sat
토요일,나를 바꿔줘,https://comic.naver.com/webtoon/list?titleId=733280&weekday=sat
토요일,이십팔세기 광팬,https://comic.naver.com/webtoon/list?titleId=800312&weekday=sat
토요일,소공녀 민트,https://comic.naver.com/webtoon/list?titleId=787061&weekday=sat
토요일,존잘주의,https://comic.naver.com/webtoon/list?titleId=774864&weekday=sat
토요일,남편 먹는 여자,https://comic.naver.com/webtoon/list?titleId=794154&weekday=sat
토요일,미나 이퀄,https://comic.naver.com/webtoon/list?titleId=793350&weekday=sat
토요일,어글리후드,https://comic.naver.com/webtoon/list?titleId=703630&weekday=sat
토요일,간첩 18세,https://comic.naver.com/webtoon/list?titleId=799503&weekday=sat
토요일,도사 가온,https://comic.naver.com/webtoon/list?titleId=733277&weekday=sat
토요일,더 해머,https://comic.naver.com/webtoon/list?titleId=803794&weekday=sat
토요일,탑코너,https://comic.naver.com/webtoon/list?titleId=732021&weekday=sat
토요일,홍시는 날 좋아해!,https://comic.naver.com/webtoon/list?titleId=703839&weekday=sat
토요일,용사참수인,https://comic.naver.com/webtoon/list?titleId=783590&weekday=sat
토요일,이계진입 리로디드,https://comic.naver.com/webtoon/list?titleId=793553&weekday=sat
토요일,"저무는 해, 시린 눈",https://comic.naver.com/webtoon/list?titleId=746833&weekday=sat
토요일,엑스애쉬,https://comic.naver.com/webtoon/list?titleId=783814&weekday=sat
토요일,왕세자 입학도,https://comic.naver.com/webtoon/list?titleId=739411&weekday=sat
토요일,남편을 만렙으로 키우려 합니다,https://comic.naver.com/webtoon/list?titleId=774051&weekday=sat
토요일,폭군 남편과 이혼하겠습니다,https://comic.naver.com/webtoon/list?titleId=797844&weekday=sat
토요일,대충 캠퍼스로맨스임,https://comic.naver.com/webtoon/list?titleId=797184&weekday=sat
토요일,공유몽,https://comic.naver.com/webtoon/list?titleId=729047&weekday=sat
토요일,광해의 연인,https://comic.naver.com/webtoon/list?titleId=750582&weekday=sat
토요일,전생연분,https://comic.naver.com/webtoon/list?titleId=783864&weekday=sat
토요일,최강부캐,https://comic.naver.com/webtoon/list?titleId=778580&weekday=sat
토요일,마법사가 죽음을 맞이하는 방법,https://comic.naver.com/webtoon/list?titleId=786269&weekday=sat
토요일,완벽한 부부는 없다,https://comic.naver.com/webtoon/list?titleId=793374&weekday=sat
토요일,묘령의 황자,https://comic.naver.com/webtoon/list?titleId=784580&weekday=sat
토요일,숨겨진 성녀,https://comic.naver.com/webtoon/list?titleId=781339&weekday=sat
토요일,최면학교,https://comic.naver.com/webtoon/list?titleId=776656&weekday=sat
토요일,애구애구,https://comic.naver.com/webtoon/list?titleId=803530&weekday=sat
토요일,적월의 나라,https://comic.naver.com/webtoon/list?titleId=789664&weekday=sat
토요일,내게 필요한 NO맨스,https://comic.naver.com/webtoon/list?titleId=753975&weekday=sat
토요일,키스 식스 센스,https://comic.naver.com/webtoon/list?titleId=770964&weekday=sat
토요일,은둔코인,https://comic.naver.com/webtoon/list?titleId=778284&weekday=sat
토요일,"다비, 아찔하게 흐르는",https://comic.naver.com/webtoon/list?titleId=796252&weekday=sat
토요일,소년 검사,https://comic.naver.com/webtoon/list?titleId=784582&weekday=sat
토요일,왕년엔 용사님,https://comic.naver.com/webtoon/list?titleId=755744&weekday=sat
토요일,사서고생!,https://comic.naver.com/webtoon/list?titleId=780845&weekday=sat
토요일,중매쟁이 아가 황녀님,https://comic.naver.com/webtoon/list?titleId=771065&weekday=sat
토요일,청춘일지,https://comic.naver.com/webtoon/list?titleId=797932&weekday=sat
토요일,메트로헌터,https://comic.naver.com/webtoon/list?titleId=774043&weekday=sat
토요일,배달의 신,https://comic.naver.com/webtoon/list?titleId=785260&weekday=sat
토요일,아가사,https://comic.naver.com/webtoon/list?titleId=769193&weekday=sat
토요일,아침을 지나 밤으로,https://comic.naver.com/webtoon/list?titleId=753304&weekday=sat
토요일,용두사망 소설 속의 악녀가 되었다,https://comic.naver.com/webtoon/list?titleId=800828&weekday=sat
토요일,복수를 위한 결혼동맹,https://comic.naver.com/webtoon/list?titleId=794161&weekday=sat
토요일,키스의 여왕,https://comic.naver.com/webtoon/list?titleId=791936&weekday=sat
토요일,7FATES: CHAKHO,https://comic.naver.com/webtoon/list?titleId=786978&weekday=sat
토요일,시선 끝 브로콜리,https://comic.naver.com/webtoon/list?titleId=802070&weekday=sat
토요일,아이돌만 하고 싶었는데,https://comic.naver.com/webtoon/list?titleId=801516&weekday=sat
토요일,궤도의 아이들,https://comic.naver.com/webtoon/list?titleId=802819&weekday=sat
토요일,겨울특강,https://comic.naver.com/webtoon/list?titleId=802117&weekday=sat
토요일,밤을 깨우는 마법,https://comic.naver.com/webtoon/list?titleId=778968&weekday=sat
토요일,이건 그냥 연애 이야기,https://comic.naver.com/webtoon/list?titleId=792720&weekday=sat
토요일,보고 있지?,https://comic.naver.com/webtoon/list?titleId=794458&weekday=sat
토요일,실버 쥬얼,https://comic.naver.com/webtoon/list?titleId=785693&weekday=sat
일요일,약한영웅,https://comic.naver.com/webtoon/list?titleId=710751&weekday=sun
일요일,싸움독학,https://comic.naver.com/webtoon/list?titleId=736277&weekday=sun
일요일,입학용병,https://comic.naver.com/webtoon/list?titleId=758150&weekday=sun
일요일,사형소년,https://comic.naver.com/webtoon/list?titleId=795262&weekday=sun
일요일,일타강사 백사부,https://comic.naver.com/webtoon/list?titleId=779632&weekday=sun
일요일,시월드가 내게 집착한다,https://comic.naver.com/webtoon/list?titleId=785251&weekday=sun
일요일,가비지타임,https://comic.naver.com/webtoon/list?titleId=703844&weekday=sun
일요일,노빠꾸 최하영,https://comic.naver.com/webtoon/list?titleId=803480&weekday=sun
일요일,나 혼자 특성빨로 무한 성장,https://comic.naver.com/webtoon/list?titleId=803909&weekday=sun
일요일,고양이 타타,https://comic.naver.com/webtoon/list?titleId=805156&weekday=sun
일요일,수희0(tngmlek0),https://comic.naver.com/webtoon/list?titleId=774831&weekday=sun
일요일,천화서고 대공자,https://comic.naver.com/webtoon/list?titleId=805193&weekday=sun
일요일,천하제일인,https://comic.naver.com/webtoon/list?titleId=751207&weekday=sun
일요일,자매전쟁,https://comic.naver.com/webtoon/list?titleId=798664&weekday=sun
일요일,"안녕, 나의 수집",https://comic.naver.com/webtoon/list?titleId=799267&weekday=sun
일요일,판사 이한영,https://comic.naver.com/webtoon/list?titleId=759567&weekday=sun
일요일,소녀재판,https://comic.naver.com/webtoon/list?titleId=743838&weekday=sun
일요일,아포크리파,https://comic.naver.com/webtoon/list?titleId=804055&weekday=sun
일요일,분신으로 자동사냥,https://comic.naver.com/webtoon/list?titleId=799805&weekday=sun
일요일,아카데미에 위장취업당했다,https://comic.naver.com/webtoon/list?titleId=795529&weekday=sun
일요일,살아남은 로맨스,https://comic.naver.com/webtoon/list?titleId=764129&weekday=sun
일요일,내일,https://comic.naver.com/webtoon/list?titleId=695796&weekday=sun
일요일,마법스크롤 상인 지오,https://comic.naver.com/webtoon/list?titleId=655746&weekday=sun
일요일,폰투스 : 극야2,https://comic.naver.com/webtoon/list?titleId=792694&weekday=sun
일요일,밤마다 남편이 바뀐다,https://comic.naver.com/webtoon/list?titleId=803649&weekday=sun
일요일,무서운게 딱좋아!,https://comic.naver.com/webtoon/list?titleId=778322&weekday=sun
일요일,합격시켜주세용,https://comic.naver.com/webtoon/list?titleId=728128&weekday=sun
일요일,경자 전성시대,https://comic.naver.com/webtoon/list?titleId=769658&weekday=sun
일요일,이세계 용사가 지구를 구하는 이유,https://comic.naver.com/webtoon/list?titleId=803222&weekday=sun
일요일,장풍전,https://comic.naver.com/webtoon/list?titleId=789966&weekday=sun
일요일,어느날 갑자기 서울은,https://comic.naver.com/webtoon/list?titleId=776092&weekday=sun
일요일,위닝샷!,https://comic.naver.com/webtoon/list?titleId=778578&weekday=sun
일요일,첫날밤만 세 번째,https://comic.naver.com/webtoon/list?titleId=804157&weekday=sun
일요일,신혼부부 생활 백서,https://comic.naver.com/webtoon/list?titleId=805405&weekday=sun
일요일,무진,https://comic.naver.com/webtoon/list?titleId=805691&weekday=sun
일요일,고백 취소도 되나?,https://comic.naver.com/webtoon/list?titleId=783524&weekday=sun
일요일,약빨이 신선함,https://comic.naver.com/webtoon/list?titleId=800788&weekday=sun
일요일,사랑은 없는 것처럼,https://comic.naver.com/webtoon/list?titleId=805481&weekday=sun
일요일,칼끝에 입술,https://comic.naver.com/webtoon/list?titleId=800778&weekday=sun
일요일,후궁 스캔들,https://comic.naver.com/webtoon/list?titleId=784140&weekday=sun
일요일,네 것이었던 것,https://comic.naver.com/webtoon/list?titleId=802751&weekday=sun
일요일,천치전능,https://comic.naver.com/webtoon/list?titleId=768473&weekday=sun
일요일,몸이 바뀌는 사정,https://comic.naver.com/webtoon/list?titleId=778991&weekday=sun
일요일,헬스던전,https://comic.naver.com/webtoon/list?titleId=800101&weekday=sun
일요일,노량진 공격대,https://comic.naver.com/webtoon/list?titleId=800392&weekday=sun
일요일,여우애담,https://comic.naver.com/webtoon/list?titleId=786082&weekday=sun
일요일,돌&아이,https://comic.naver.com/webtoon/list?titleId=783865&weekday=sun
일요일,데빌샷,https://comic.naver.com/webtoon/list?titleId=753842&weekday=sun
일요일,인생영화,https://comic.naver.com/webtoon/list?titleId=803122&weekday=sun
일요일,평행도시,https://comic.naver.com/webtoon/list?titleId=730607&weekday=sun
일요일,장미같은 소리,https://comic.naver.com/webtoon/list?titleId=768474&weekday=sun
일요일,청춘계시록,https://comic.naver.com/webtoon/list?titleId=802079&weekday=sun
일요일,키미앤조이,https://comic.naver.com/webtoon/list?titleId=798177&weekday=sun
일요일,나의 작은 서점,https://comic.naver.com/webtoon/list?titleId=790416&weekday=sun
일요일,위험한 남편을 길들이는 법,https://comic.naver.com/webtoon/list?titleId=789651&weekday=sun
일요일,결혼까지 망상했어!,https://comic.naver.com/webtoon/list?titleId=761599&weekday=sun
일요일,백설을 위하여,https://comic.naver.com/webtoon/list?titleId=801580&weekday=sun
일요일,마왕의 고백,https://comic.naver.com/webtoon/list?titleId=793539&weekday=sun
일요일,생존고백,https://comic.naver.com/webtoon/list?titleId=786262&weekday=sun
일요일,108명의 그녀들,https://comic.naver.com/webtoon/list?titleId=798303&weekday=sun
일요일,사람은 고쳐 쓰는 게 아니야!,https://comic.naver.com/webtoon/list?titleId=758664&weekday=sun
일요일,홍 의관의 은밀한 비밀,https://comic.naver.com/webtoon/list?titleId=796251&weekday=sun
일요일,내곁엔 없을까,https://comic.naver.com/webtoon/list?titleId=798172&weekday=sun
일요일,마도,https://comic.naver.com/webtoon/list?titleId=737021&weekday=sun
일요일,잿더미 황후,https://comic.naver.com/webtoon/list?titleId=802986&weekday=sun
일요일,여신님의 호랑이 공략법,https://comic.naver.com/webtoon/list?titleId=802682&weekday=sun
일요일,손 안의 안단테,https://comic.naver.com/webtoon/list?titleId=799509&weekday=sun
일요일,DARK MOON: 달의 제단,https://comic.naver.com/webtoon/list?titleId=786973&weekday=sun
일요일,킬링킬러,https://comic.naver.com/webtoon/list?titleId=797155&weekday=sun
일요일,보스의 노골적 취향,https://comic.naver.com/webtoon/list?titleId=780409&weekday=sun
일요일,패션쇼,https://comic.naver.com/webtoon/list?titleId=779354&weekday=sun
일요일,완벽한 파트너,https://comic.naver.com/webtoon/list?titleId=801455&weekday=sun
일요일,블러드 리벤저,https://comic.naver.com/webtoon/list?titleId=783599&weekday=sun
일요일,하렘에서 살아남기,https://comic.naver.com/webtoon/list?titleId=794944&weekday=sun
일요일,6월의 라벤더,https://comic.naver.com/webtoon/list?titleId=791937&weekday=sun
일요일,신이 담긴 아이,https://comic.naver.com/webtoon/list?titleId=745652&weekday=sun
일요일,샤인 스타,https://comic.naver.com/webtoon/list?titleId=758665&weekday=sun
일요일,마섹남 - 마술하는 섹시한 남자,https://comic.naver.com/webtoon/list?titleId=796894&weekday=sun
일요일,"아마도, 굿모닝",https://comic.naver.com/webtoon/list?titleId=795041&weekday=sun
일요일,조선여우스캔들,https://comic.naver.com/webtoon/list?titleId=758676&weekday=sun
일요일,밀실 마피아 게임,https://comic.naver.com/webtoon/list?titleId=794224&weekday=sun
일요일,철수와 영희 이야기,https://comic.naver.com/webtoon/list?titleId=787465&weekday=sun
일요일,그림자 잡기,https://comic.naver.com/webtoon/list?titleId=801277&weekday=sun
일요일,어떤소란,https://comic.naver.com/webtoon/list?titleId=799213&weekday=sun
일요일,천년간 노려왔습니다,https://comic.naver.com/webtoon/list?titleId=801428&weekday=sun
